,i_p,notes_p,score_p,i_v,notes_v,score_v
30,1,5,6,2,4,2
30,8,4,7,9,2,5
30,4,4,6,8,2,3
30,9,4,5,5,3,4
30,3,4,2,4,3,7
30,6,5,7,7,3,4
30,5,5,4,1,5,6
30,10,5,7,10,2,2
30,2,5,5,3,4,5
30,7,4,5,6,3,6
30,1,5,2,2,4,5
30,4,4,4,8,2,7
30,3,4,6,4,3,5
30,5,5,3,1,5,7
30,2,5,6,3,4,1
30,8,4,2,9,2,2
30,9,4,3,5,3,7
30,6,5,3,7,3,5
30,10,5,1,10,2,5
30,7,4,5,6,3,6
31,5,3,6,1,3,7
31,3,4,0,9,3,5
31,2,3,7,8,3,7
31,9,2,7,3,3,2
31,1,3,2,10,3,1
31,4,3,7,5,4,2
31,8,4,5,2,4,1
31,6,3,6,4,3,6
31,7,4,1,6,4,2
31,10,2,4,7,2,4
31,5,3,3,1,3,1
31,2,3,0,8,3,6
31,1,3,6,10,3,4
31,8,4,4,2,4,6
31,7,4,7,6,4,7
31,3,4,5,9,3,1
31,9,2,6,3,3,4
31,4,3,1,5,4,4
31,6,3,3,4,3,7
31,10,2,4,7,2,4
32,1,2,6,1,4,1
32,8,5,5,8,3,3
32,6,4,2,5,5,2
32,3,3,4,9,4,4
32,4,4,6,10,4,4
32,10,4,0,2,3,4
32,9,4,4,3,3,3
32,5,3,3,7,4,2
32,2,2,5,6,5,6
32,7,5,5,4,4,5
32,1,2,4,1,4,6
32,6,4,1,5,5,1
32,4,4,6,10,4,2
32,9,4,7,3,3,5
32,2,2,6,6,5,4
32,8,5,3,8,3,5
32,3,3,5,9,4,2
32,10,4,4,2,3,7
32,5,3,2,7,4,7
32,7,5,5,4,4,5
33,1,3,6,1,4,4
33,8,4,5,7,4,7
33,6,5,2,2,4,1
33,3,3,5,4,2,4
33,10,2,6,3,3,7
33,4,4,2,8,3,5
33,2,3,5,9,3,2
33,7,4,2,5,4,7
33,5,5,4,6,5,5
33,9,3,7,10,3,6
33,1,3,4,1,4,7
33,6,5,3,2,4,4
33,10,2,7,3,3,1
33,2,3,3,9,3,7
33,5,5,1,6,5,2
33,8,4,3,7,4,7
33,3,3,4,4,2,7
33,4,4,3,8,3,3
33,7,4,1,5,4,1
33,9,3,7,10,3,6
34,1,4,5,2,4,2
34,7,3,2,5,4,2
34,5,3,6,9,3,1
34,3,5,3,3,4,3
34,8,3,6,7,4,5
34,2,4,4,10,2,5
34,6,4,3,6,5,4
34,9,4,6,8,5,7
34,4,3,6,4,3,5
34,10,5,7,1,3,7
34,1,4,3,2,4,2
34,5,3,1,9,3,6
34,8,3,5,7,4,2
34,6,4,1,6,5,6
34,4,3,3,4,3,4
34,7,3,7,5,4,4
34,3,5,0,3,4,2
34,2,4,7,10,2,6
34,9,4,0,8,5,1
34,10,5,7,1,3,7
35,2,3,6,6,5,5
35,8,3,2,3,4,4
35,10,2,6,2,4,2
35,4,4,4,9,4,2
35,3,3,2,5,5,3
35,6,4,3,8,5,1
35,9,2,4,1,4,4
35,5,4,3,7,5,5
35,1,3,5,10,5,4
35,7,3,5,4,4,6
35,2,3,7,6,5,6
35,10,2,5,2,4,2
35,3,3,5,5,5,6
35,9,2,7,1,4,6
35,1,3,6,10,5,2
35,8,3,7,3,4,1
35,4,4,1,9,4,5
35,6,4,7,8,5,4
35,5,4,2,7,5,7
35,7,3,5,4,4,6
36,2,3,2,1,4,6
36,4,5,6,10,5,5
36,10,1,2,6,2,2
36,8,4,6,7,3,4
36,1,3,5,8,4,5
36,7,4,6,9,5,2
36,6,2,3,2,5,2
36,9,1,4,5,2,4
36,5,3,6,4,3,4
36,3,4,0,3,3,7
36,2,3,7,1,4,4
36,10,1,7,6,2,4
36,1,3,4,8,4,5
36,6,2,7,2,5,1
36,5,3,5,4,3,4
36,4,5,7,10,5,5
36,8,4,4,7,3,6
36,7,4,1,9,5,2
36,9,1,5,5,2,4
36,3,4,0,3,3,7
37,2,4,6,6,4,4
37,8,3,7,1,4,7
37,4,4,1,9,4,1
37,6,3,4,3,3,4
37,1,4,7,5,4,3
37,10,3,4,8,3,4
37,5,4,4,7,2,7
37,9,3,5,2,3,1
37,3,4,7,4,2,4
37,7,3,5,10,3,5
37,2,4,2,6,4,7
37,4,4,2,9,4,2
37,1,4,3,5,4,7
37,5,4,6,7,2,7
37,3,4,3,4,2,5
37,8,3,5,1,4,7
37,6,3,3,3,3,7
37,10,3,0,8,3,5
37,9,3,1,2,3,4
37,7,3,5,10,3,5
38,1,2,5,1,3,6
38,7,5,1,10,5,1
38,10,3,6,5,3,4
38,4,4,4,3,4,1
38,3,2,2,9,3,4
38,6,5,3,4,3,1
38,9,3,4,2,5,7
38,5,4,3,7,3,2
38,2,2,6,6,4,4
38,8,5,6,8,4,1
38,1,2,7,1,3,6
38,10,3,5,5,3,2
38,3,2,5,9,3,2
38,9,3,7,2,5,6
38,2,2,5,6,4,5
38,7,5,3,10,5,2
38,4,4,1,3,4,4
38,6,5,7,4,3,7
38,5,4,1,7,3,4
38,8,5,6,8,4,1
39,2,4,6,6,4,5
39,8,5,5,3,4,7
39,6,4,1,1,5,1
39,4,5,4,8,5,4
39,3,5,5,7,4,7
39,10,4,1,4,3,4
39,7,5,2,10,2,4
39,5,4,3,9,3,2
39,1,4,7,2,4,2
39,9,5,7,5,5,7
39,2,4,4,6,4,4
39,6,4,2,1,5,4
39,3,5,7,7,4,5
39,7,5,5,10,2,4
39,1,4,6,2,4,4
39,8,5,7,3,4,7
39,4,5,6,8,5,7
39,10,4,4,4,3,4
39,5,4,4,9,3,2
39,9,5,7,5,5,7
40,4,3,6,8,5,3
40,10,3,7,5,2,6
40,1,3,5,1,3,6
40,7,3,2,10,4,4
40,5,3,4,2,3,7
40,9,3,5,7,3,6
40,3,3,2,9,4,4
40,6,3,4,4,3,4
40,2,3,6,3,3,5
40,8,3,7,6,2,4
40,4,3,2,8,5,1
40,1,3,3,1,3,7
40,5,3,6,2,3,2
40,3,3,0,9,4,1
40,2,3,7,3,3,4
40,10,3,1,5,2,1
40,7,3,1,10,4,5
40,9,3,3,7,3,7
40,6,3,5,4,3,6
40,8,3,7,6,2,4
41,4,5,6,1,5,1
41,10,3,7,8,3,7
41,2,4,6,3,4,2
41,8,5,3,10,5,4
41,3,5,2,9,4,6
41,6,4,7,7,4,7
41,5,4,2,4,4,6
41,7,5,5,6,5,6
41,1,4,7,2,5,2
41,9,4,6,5,5,6
41,4,5,2,1,5,7
41,2,4,0,3,4,1
41,3,5,6,9,4,4
41,5,4,3,4,4,1
41,1,4,7,2,5,5
41,10,3,2,8,3,6
41,8,5,5,10,5,5
41,6,4,6,7,4,2
41,7,5,1,6,5,7
41,9,4,6,5,5,6
42,3,3,7,10,2,5
42,7,5,2,7,4,7
42,5,3,4,4,3,6
42,10,5,7,6,5,4
42,2,3,4,8,2,7
42,6,5,1,3,3,7
42,4,3,6,1,3,7
42,9,5,7,2,3,2
42,1,3,6,9,3,2
42,8,5,3,5,4,1
42,3,3,6,10,2,4
42,5,3,3,4,3,7
42,2,3,2,8,2,1
42,4,3,2,1,3,7
42,1,3,5,9,3,6
42,7,5,1,7,4,2
42,10,5,3,6,5,5
42,6,5,3,3,3,4
42,9,5,2,2,3,2
42,8,5,3,5,4,1
43,3,4,2,6,5,7
43,6,3,7,9,2,1
43,5,3,4,3,1,4
43,9,3,1,5,5,7
43,7,2,5,7,2,4
43,1,5,0,1,5,1
43,2,5,6,8,1,5
43,8,2,2,2,3,1
43,10,4,6,4,2,4
43,4,2,4,10,2,5
43,3,4,6,6,5,5
43,5,3,2,3,1,3
43,7,2,5,7,2,4
43,2,5,7,8,1,7
43,10,4,3,4,2,4
43,6,3,3,9,2,2
43,9,3,7,5,5,6
43,1,5,6,1,5,7
43,8,2,7,2,3,4
43,4,2,4,10,2,5
44,9,3,4,5,4,2
44,5,2,6,2,2,5
44,3,2,2,8,4,1
44,6,4,4,1,3,4
44,2,1,6,6,3,2
44,8,5,7,7,2,7
44,4,3,6,4,2,4
44,10,2,1,9,3,1
44,7,5,5,3,3,2
44,1,1,7,10,3,1
44,9,3,5,5,4,3
44,3,2,0,8,4,4
44,2,1,2,6,3,6
44,4,3,3,4,2,4
44,7,5,2,3,3,4
44,5,2,7,2,2,7
44,6,4,5,1,3,4
44,8,5,2,7,2,6
44,10,2,7,9,3,4
44,1,1,7,10,3,1
45,6,3,2,1,4,1
45,3,4,0,8,2,4
45,2,3,6,6,4,6
45,8,5,1,4,4,4
45,5,3,2,9,3,2
45,7,5,1,5,4,7
45,10,4,6,7,3,3
45,4,4,2,3,3,4
45,1,3,7,2,3,4
45,9,5,3,10,3,6
45,6,3,4,1,4,4
45,2,3,3,6,4,7
45,5,3,4,9,3,6
45,10,4,7,7,3,7
45,1,3,1,2,3,5
45,3,4,3,8,2,7
45,8,5,4,4,4,4
45,7,5,3,5,4,4
45,4,4,6,3,3,2
45,9,5,3,10,3,6
46,2,2,5,1,3,6
46,7,4,6,5,5,7
46,6,2,2,6,4,4
46,3,4,5,8,5,5
46,10,2,6,2,4,7
46,4,4,5,7,5,6
46,5,2,4,9,4,1
46,9,4,7,3,4,2
46,1,2,6,10,5,4
46,8,4,6,4,4,5
46,2,2,4,1,3,4
46,6,2,3,6,4,6
46,10,2,4,2,4,2
46,5,2,3,9,4,4
46,1,2,5,10,5,1
46,7,4,7,5,5,3
46,3,4,4,8,5,4
46,4,4,6,7,5,3
46,9,4,2,3,4,4
46,8,4,6,4,4,5
47,4,3,6,6,5,5
47,10,2,4,10,5,4
47,5,2,4,9,4,4
47,9,3,7,4,3,4
47,1,2,6,5,4,4
47,8,4,3,3,2,7
47,3,3,7,1,1,1
47,7,4,5,8,4,4
47,2,2,4,7,3,7
47,6,3,1,2,3,6
47,4,3,5,6,5,7
47,5,2,3,9,4,2
47,1,2,1,5,4,6
47,3,3,0,1,1,4
47,2,2,7,7,3,5
47,10,2,0,10,5,4
47,9,3,2,4,3,4
47,8,4,4,3,2,7
47,7,4,6,8,4,5
47,6,3,1,2,3,6
48,2,4,6,3,3,2
48,8,5,7,10,2,4
48,4,3,6,9,2,7
48,10,5,7,6,5,4
48,1,4,5,1,4,4
48,7,5,2,7,5,7
48,5,4,4,4,4,7
48,9,5,5,8,1,5
48,3,4,2,2,4,2
48,6,5,4,5,5,4
48,2,4,2,3,3,1
48,4,3,2,9,2,7
48,1,4,3,1,4,5
48,5,4,6,4,4,1
48,3,4,3,2,4,4
48,8,5,2,10,2,5
48,10,5,1,6,5,2
48,7,5,1,7,5,4
48,9,5,3,8,1,3
48,6,5,4,5,5,4
49,3,3,7,3,4,5
49,7,4,5,6,3,6
49,2,2,4,4,4,4
49,6,3,7,9,3,2
49,5,2,4,2,3,2
49,9,3,7,5,4,6
49,1,2,2,1,2,4
49,4,3,7,7,4,5
49,8,4,2,10,4,6
49,10,2,5,8,4,7
49,3,3,0,3,4,4
49,2,2,3,4,4,1
49,5,2,3,2,3,7
49,1,2,6,1,2,6
49,8,4,4,10,4,5
49,7,4,6,6,3,7
49,6,3,3,9,3,2
49,9,3,6,5,4,7
49,4,3,6,7,4,4
49,10,2,5,8,4,7
50,1,3,5,1,4,4
50,7,4,3,7,2,7
50,4,3,6,4,2,4
50,10,2,7,9,2,2
50,2,3,6,2,3,4
50,8,4,1,10,3,2
50,5,3,4,3,2,4
50,9,3,5,5,4,3
50,3,2,2,8,4,4
50,6,4,4,6,5,4
50,1,3,2,1,4,5
50,4,3,2,4,2,1
50,2,3,3,2,3,4
50,5,3,6,3,2,7
50,3,2,7,8,4,4
50,7,4,1,7,2,6
50,10,2,2,9,2,4
50,8,4,2,10,3,1
50,9,3,3,5,4,7
50,6,4,4,6,5,4
51,6,3,2,6,4,5
51,3,3,0,3,3,4
51,2,3,6,4,4,4
51,8,3,6,9,4,2
51,1,3,5,5,4,2
51,7,3,3,2,3,4
51,4,3,6,10,5,6
51,10,3,4,1,4,4
51,5,3,4,7,3,4
51,9,3,3,8,3,4
51,6,3,4,6,4,6
51,2,3,0,4,4,4
51,1,3,2,5,4,1
51,4,3,5,10,5,5
51,5,3,6,7,3,3
51,3,3,3,3,3,1
51,8,3,4,9,4,2
51,7,3,1,2,3,7
51,10,3,0,1,4,1
51,9,3,3,8,3,4
52,1,5,5,1,5,1
52,7,5,1,8,1,4
52,9,5,0,7,3,7
52,10,5,5,4,5,4
52,3,5,6,5,5,4
52,5,5,7,3,3,1
52,6,5,1,9,1,4
52,4,5,2,10,1,5
52,2,5,6,6,5,6
52,8,5,6,2,4,7
52,1,5,7,1,5,4
52,9,5,5,7,3,7
52,3,5,2,5,5,2
52,6,5,4,9,1,7
52,2,5,5,6,5,4
52,7,5,1,8,1,7
52,10,5,4,4,5,4
52,5,5,5,3,3,2
52,4,5,7,10,1,4
52,8,5,6,2,4,7
53,6,2,2,1,4,1
53,3,3,5,8,3,7
53,9,1,1,3,4,5
53,7,2,5,6,5,6
53,2,3,2,2,5,4
53,4,3,7,10,3,4
53,8,2,6,4,4,4
53,1,3,7,5,5,2
53,10,1,4,9,3,6
53,5,3,7,7,5,4
53,6,2,3,1,4,7
53,9,1,7,3,4,4
53,2,3,6,2,5,1
53,8,2,2,4,4,4
53,10,1,5,9,3,5
53,3,3,7,8,3,4
53,7,2,3,6,5,5
53,4,3,2,10,3,1
53,1,3,3,5,5,7
53,5,3,7,7,5,4
54,6,5,2,1,5,4
54,3,5,1,7,5,5
54,1,5,6,10,5,1
54,8,5,2,5,5,4
54,10,5,6,3,5,1
54,4,5,2,9,5,7
54,2,5,5,6,5,6
54,7,5,2,2,5,1
54,5,5,4,4,5,7
54,9,5,3,8,5,1
54,6,5,4,1,5,6
54,1,5,7,10,5,2
54,10,5,7,3,5,5
54,2,5,3,6,5,6
54,5,5,6,4,5,7
54,3,5,3,7,5,7
54,8,5,7,5,5,2
54,4,5,3,9,5,2
54,7,5,1,2,5,5
54,9,5,3,8,5,1
55,2,3,5,5,4,2
55,7,3,1,2,4,2
55,10,3,4,9,3,6
55,5,4,7,7,3,7
55,6,4,2,4,4,4
55,3,3,4,3,4,2
55,4,4,6,10,4,6
55,9,3,7,1,4,4
55,1,3,6,6,4,4
55,8,3,6,8,3,3
55,2,3,7,5,4,2
55,10,3,3,9,3,4
55,6,4,1,4,4,4
55,4,4,2,10,4,5
55,1,3,5,6,4,6
55,7,3,2,2,4,7
55,5,4,6,7,3,3
55,3,3,5,3,4,7
55,9,3,2,1,4,1
55,8,3,6,8,3,3
56,10,4,6,5,5,3
56,4,4,3,8,4,1
56,7,4,5,1,5,6
56,2,4,0,10,4,4
56,3,4,2,4,4,7
56,6,4,5,7,5,6
56,8,4,6,9,4,2
56,1,4,7,2,5,6
56,9,4,4,6,5,5
56,5,4,4,3,4,4
56,10,4,1,5,5,6
56,7,4,7,1,5,5
56,3,4,3,4,4,4
56,8,4,2,9,4,7
56,9,4,6,6,5,4
56,4,4,2,8,4,6
56,2,4,4,10,4,5
56,6,4,4,7,5,7
56,1,4,3,2,5,4
56,5,4,4,3,4,4
57,2,3,5,3,5,2
57,7,5,1,10,2,6
57,9,3,6,1,3,4
57,4,2,4,7,5,4
57,3,2,3,8,5,7
57,8,5,5,4,4,1
57,6,5,3,2,4,2
57,10,4,4,5,4,2
57,5,4,3,9,3,7
57,1,3,0,6,4,5
57,2,3,7,3,5,7
57,9,3,5,1,3,1
57,3,2,2,8,5,5
57,6,5,7,2,4,2
57,5,4,2,9,3,4
57,7,5,3,10,2,5
57,4,2,7,7,5,7
57,8,5,2,4,4,4
57,10,4,7,5,4,7
57,1,3,0,6,4,5
58,5,3,4,1,3,6
58,9,3,5,5,5,4
58,3,3,2,3,5,7
58,6,3,1,8,5,5
58,4,4,6,2,3,7
58,10,2,7,7,4,2
58,2,2,5,6,4,5
58,7,4,5,10,4,4
58,1,2,6,9,3,4
58,8,4,1,4,5,5
58,5,3,6,1,3,7
58,3,3,4,3,5,4
58,4,4,2,2,3,6
58,2,2,0,6,4,7
58,1,2,7,9,3,2
58,9,3,3,5,5,3
58,6,3,3,8,5,4
58,10,2,1,7,4,5
58,7,4,4,10,4,4
58,8,4,1,4,5,5
59,5,4,4,9,4,5
59,9,4,5,8,5,4
59,3,3,3,7,4,7
59,8,5,6,4,4,6
59,2,3,7,6,3,5
59,10,3,7,3,4,4
59,1,3,5,2,4,2
59,7,5,3,5,3,1
59,4,4,1,10,5,6
59,6,5,7,1,4,7
59,5,4,6,9,4,6
59,3,3,0,7,4,2
59,2,3,0,6,3,6
59,1,3,2,2,4,4
59,4,4,6,10,5,6
59,9,4,2,8,5,7
59,8,5,2,4,4,4
59,10,3,1,3,4,4
59,7,5,6,5,3,6
59,6,5,7,1,4,7
60,5,4,2,6,4,4
60,7,4,1,8,4,7
60,10,4,2,3,4,3
60,8,4,6,7,5,5
60,2,3,4,10,3,6
60,6,5,3,1,3,7
60,9,3,6,9,3,4
60,4,3,4,4,4,1
60,3,2,1,2,4,2
60,1,3,3,5,5,7
60,5,4,4,6,4,5
60,10,4,7,3,4,2
60,2,3,7,10,3,4
60,9,3,5,9,3,2
60,3,2,7,2,4,5
60,7,4,4,8,4,4
60,8,4,5,7,5,4
60,6,5,1,1,3,5
60,4,3,2,4,4,4
60,1,3,3,5,5,7
61,2,3,6,6,3,4
61,8,4,3,8,3,5
61,3,4,5,2,4,2
61,10,3,4,9,4,6
61,5,3,4,7,3,4
61,9,4,1,1,4,5
61,7,4,5,4,4,4
61,1,3,2,5,3,4
61,4,3,1,3,4,2
61,6,3,4,10,3,5
61,2,3,0,6,3,6
61,3,4,6,2,4,7
61,5,3,2,7,3,7
61,7,4,3,4,4,4
61,4,3,7,3,4,7
61,8,4,2,8,3,5
61,10,3,0,9,4,7
61,9,4,7,1,4,6
61,1,3,4,5,3,1
61,6,3,4,10,3,5
62,6,4,2,8,3,4
62,3,4,6,6,4,4
62,5,4,4,1,3,6
62,10,4,7,10,2,4
62,2,4,5,2,3,2
62,7,4,3,5,4,2
62,4,4,6,9,4,4
62,9,4,7,4,3,4
62,1,4,6,3,3,3
62,8,4,5,7,4,4
62,6,4,7,8,3,1
62,5,4,3,1,3,7
62,2,4,2,2,3,2
62,4,4,2,9,4,1
62,1,4,1,3,3,5
62,3,4,5,6,4,5
62,10,4,1,10,2,1
62,7,4,1,5,4,4
62,9,4,2,4,3,7
62,8,4,5,7,4,4
63,2,2,6,5,3,2
63,8,3,3,2,5,7
63,3,3,5,1,3,1
63,9,2,3,8,4,4
63,6,2,1,7,4,7
63,4,4,2,4,4,4
63,1,2,5,3,4,1
63,7,3,1,9,3,4
63,10,2,4,10,4,5
63,5,4,3,6,3,7
63,2,2,0,5,3,6
63,3,3,2,1,3,4
63,6,2,4,7,4,3
63,1,2,7,3,4,2
63,10,2,2,10,4,4
63,8,3,2,2,5,5
63,9,2,6,8,4,7
63,4,4,3,4,4,4
63,7,3,2,9,3,7
63,5,4,3,6,3,7
64,1,4,6,9,4,4
64,8,2,7,4,3,1
64,4,4,6,2,3,7
64,10,1,5,7,3,2
64,3,5,0,6,4,4
64,2,4,3,8,4,1
64,5,4,2,1,4,6
64,7,2,1,5,4,1
64,9,1,3,10,4,2
64,6,2,4,3,3,1
64,1,4,2,9,4,2
64,4,4,4,2,3,6
64,3,5,6,6,4,4
64,5,4,4,1,4,6
64,9,1,2,10,4,4
64,8,2,2,4,3,7
64,10,1,7,7,3,4
64,2,4,5,8,4,3
64,7,2,6,5,4,4
64,6,2,4,3,3,1
65,9,5,6,4,1,7
65,4,1,5,7,5,6
65,5,1,1,9,3,7
65,8,5,2,6,5,6
65,10,4,7,2,1,2
65,1,1,1,5,5,6
65,3,1,7,1,1,1
65,7,5,6,8,3,7
65,6,4,4,3,1,2
65,2,1,7,10,3,4
65,9,5,4,4,1,4
65,5,1,4,9,3,2
65,10,4,5,2,1,7
65,3,1,2,1,1,7
65,6,4,1,3,1,3
65,4,1,7,7,5,2
65,8,5,6,6,5,7
65,1,1,5,5,5,3
65,7,5,5,8,3,6
65,2,1,7,10,3,4
66,2,5,7,6,1,4
66,9,2,2,8,5,7
66,8,1,3,3,3,1
66,3,5,4,9,5,6
66,4,3,6,7,1,7
66,10,2,7,4,3,5
66,1,5,5,1,2,6
66,7,1,6,10,5,4
66,6,1,7,2,3,2
66,5,3,3,5,1,7
66,2,5,6,6,1,5
66,8,1,7,3,3,3
66,4,3,2,7,1,4
66,1,5,4,1,2,7
66,6,1,3,2,3,5
66,9,2,5,8,5,5
66,3,5,5,9,5,4
66,10,2,1,4,3,4
66,7,1,2,10,5,1
66,5,3,3,5,1,7
67,3,2,7,8,5,1
67,7,3,6,1,2,6
67,6,2,7,10,3,2
67,5,2,4,3,2,4
67,10,2,7,5,3,2
67,2,2,6,2,2,2
67,8,3,6,9,4,6
67,1,2,7,7,5,7
67,9,3,6,4,2,6
67,4,2,4,6,3,4
67,3,2,2,8,5,6
67,6,2,3,10,3,1
67,10,2,2,5,3,2
67,8,3,2,9,4,4
67,9,3,1,4,2,5
67,7,3,2,1,2,7
67,5,2,3,3,2,4
67,2,2,0,2,2,7
67,1,2,2,7,5,2
67,4,2,4,6,3,4
68,1,3,5,1,4,4
68,7,5,2,7,5,3
68,5,4,4,3,4,4
68,10,4,2,4,4,4
68,8,5,6,9,3,5
68,2,3,2,8,3,3
68,4,5,6,5,4,2
68,9,3,5,2,4,6
68,3,4,2,6,4,5
68,6,5,4,10,3,6
68,1,3,3,1,4,7
68,5,4,1,3,4,1
68,8,5,7,9,3,2
68,4,5,4,5,4,7
68,3,4,7,6,4,2
68,7,5,1,7,5,7
68,10,4,7,4,4,7
68,2,3,7,8,3,5
68,9,3,3,2,4,4
68,6,5,4,10,3,6
69,7,5,2,1,3,4
69,5,3,3,7,5,6
69,2,3,7,9,5,5
69,10,5,0,8,5,3
69,9,5,6,5,5,2
69,4,3,4,2,3,4
69,3,3,3,3,3,5
69,8,5,5,6,5,5
69,6,5,4,10,5,4
69,1,3,5,4,3,5
69,7,5,5,1,3,7
69,2,3,7,9,5,2
69,9,5,5,5,5,4
69,3,3,2,3,3,2
69,6,5,7,10,5,5
69,5,3,4,7,5,4
69,10,5,6,8,5,5
69,4,3,7,2,3,6
69,8,5,6,6,5,6
69,1,3,5,4,3,5
70,1,5,6,1,5,4
70,8,5,3,6,2,6
70,3,5,2,4,1,4
70,6,5,3,3,1,1
70,9,5,6,9,5,6
70,4,5,6,7,2,7
70,10,5,4,2,2,4
70,5,5,2,10,2,6
70,7,5,5,8,1,3
70,2,5,0,5,1,6
70,1,5,1,1,5,5
70,3,5,5,4,1,4
70,9,5,0,9,5,2
70,10,5,1,2,2,5
70,7,5,4,8,1,4
70,8,5,5,6,2,5
70,6,5,1,3,1,3
70,4,5,5,7,2,5
70,5,5,3,10,2,1
70,2,5,0,5,1,6
71,3,3,2,1,3,1
71,6,4,7,8,4,4
71,5,2,1,6,5,6
71,8,5,4,2,3,2
71,7,5,1,5,5,2
71,10,4,6,9,3,4
71,4,3,2,4,3,7
71,1,2,0,7,5,3
71,2,2,7,3,3,2
71,9,4,5,10,4,6
71,3,3,6,1,3,4
71,5,2,2,6,5,7
71,7,5,3,5,5,4
71,4,3,2,4,3,4
71,2,2,4,3,3,7
71,6,4,5,8,4,5
71,8,5,2,2,3,2
71,10,4,7,9,3,6
71,1,2,7,7,5,5
71,9,4,5,10,4,6
72,8,3,6,1,4,6
72,1,3,1,5,5,7
72,3,3,5,7,5,7
72,10,4,1,2,4,5
72,7,3,6,8,5,4
72,6,3,7,6,5,7
72,5,2,5,9,4,1
72,4,2,6,3,4,2
72,9,4,7,10,5,4
72,2,3,6,4,4,5
72,8,3,3,1,4,4
72,3,3,7,7,5,4
72,7,3,2,8,5,5
72,5,2,4,9,4,4
72,9,4,7,10,5,1
72,1,3,7,5,5,2
72,10,4,3,2,4,6
72,6,3,1,6,5,5
72,4,2,2,3,4,4
72,2,3,6,4,4,5
73,5,5,4,9,3,2
73,9,3,2,5,2,4
73,8,4,3,4,3,7
73,3,5,1,8,4,4
73,1,5,5,6,4,5
73,7,4,3,3,4,7
73,4,5,1,1,5,7
73,6,4,4,2,5,4
73,2,5,7,10,4,5
73,10,3,4,7,4,6
73,5,5,1,9,3,4
73,8,4,6,4,3,6
73,1,5,2,6,4,4
73,4,5,2,1,5,6
73,2,5,7,10,4,1
73,9,3,5,5,2,3
73,3,5,7,8,4,7
73,7,4,6,3,4,4
73,6,4,3,2,5,7
73,10,3,4,7,4,6
74,3,5,2,1,4,4
74,6,3,7,7,5,3
74,5,4,4,3,5,7
74,9,4,7,8,3,5
74,2,4,6,2,5,2
74,8,4,7,5,4,1
74,4,4,2,10,3,4
74,1,4,5,9,2,4
74,7,4,1,4,4,6
74,10,4,5,6,4,4
74,3,5,6,1,4,7
74,5,4,3,3,5,4
74,2,4,2,2,5,4
74,4,4,3,10,3,4
74,7,4,6,4,4,7
74,6,3,3,7,5,4
74,9,4,2,8,3,3
74,8,4,6,5,4,2
74,1,4,7,9,2,7
74,10,4,5,6,4,4
75,10,1,6,6,1,2
75,4,5,6,7,5,6
75,9,3,4,9,1,1
75,5,1,3,3,5,4
75,1,1,6,5,3,2
75,8,5,6,2,3,1
75,2,1,5,4,2,7
75,7,5,7,8,4,1
75,3,3,2,1,1,6
75,6,2,3,10,1,5
75,10,1,0,6,1,7
75,9,3,7,9,1,2
75,1,1,0,5,3,4
75,2,1,0,4,2,5
75,3,3,4,1,1,4
75,4,5,5,7,5,3
75,5,1,1,3,5,4
75,8,5,4,2,3,5
75,7,5,6,8,4,6
75,6,2,3,10,1,5
76,3,2,2,1,3,4
76,6,3,7,7,4,3
76,5,2,4,3,3,2
76,9,2,7,10,4,1
76,2,2,5,5,4,2
76,7,3,3,2,3,1
76,4,2,6,4,3,7
76,10,2,7,8,4,5
76,1,2,6,9,4,7
76,8,3,3,6,4,4
76,3,2,6,1,3,7
76,5,2,3,3,3,4
76,2,2,2,5,4,4
76,4,2,2,4,3,4
76,1,2,4,9,4,6
76,6,3,3,7,4,5
76,9,2,1,10,4,4
76,7,3,1,2,3,5
76,10,2,2,8,4,4
76,8,3,3,6,4,4
77,1,2,7,1,5,1
77,9,1,1,8,3,4
77,7,2,1,6,4,6
77,10,2,6,2,5,1
77,4,4,1,4,4,4
77,6,2,4,5,3,2
77,2,2,3,9,3,6
77,5,4,1,7,3,3
77,8,2,3,3,3,2
77,3,3,1,10,3,6
77,1,2,5,1,5,4
77,7,2,3,6,4,6
77,4,4,2,4,4,4
77,2,2,6,9,3,1
77,8,2,2,3,3,7
77,9,1,0,8,3,5
77,10,2,3,2,5,2
77,6,2,7,5,3,7
77,5,4,6,7,3,5
77,3,3,1,10,3,6
78,9,4,7,10,3,5
78,1,4,2,7,3,7
78,4,4,6,4,2,5
78,10,4,7,1,4,7
78,2,4,5,9,4,2
78,7,4,4,5,3,3
78,8,4,1,8,4,4
78,5,4,7,6,3,6
78,6,3,2,2,4,4
78,3,3,5,3,4,2
78,9,4,6,10,3,4
78,4,4,2,4,2,4
78,2,4,6,9,4,5
78,8,4,5,8,4,5
78,6,3,4,2,4,7
78,1,4,7,7,3,4
78,10,4,1,1,4,6
78,7,4,2,5,3,7
78,5,4,6,6,3,5
78,3,3,5,3,4,2
79,5,3,2,1,2,6
79,7,5,5,10,5,5
79,2,3,7,6,5,6
79,9,5,7,2,3,2
79,1,3,2,9,5,4
79,4,4,6,4,3,4
79,10,4,2,5,4,3
79,8,5,5,8,5,7
79,6,3,2,3,3,3
79,3,4,6,7,4,4
79,5,3,3,1,2,4
79,2,3,0,6,5,7
79,1,3,7,9,5,2
79,10,4,3,5,4,4
79,6,3,6,3,3,2
79,7,5,1,10,5,4
79,9,5,6,2,3,1
79,4,4,7,4,3,7
79,8,5,3,8,5,4
79,3,4,6,7,4,4
80,1,2,5,1,3,1
80,7,4,1,8,5,3
80,10,4,6,5,5,4
80,4,2,5,3,5,1
80,5,2,4,9,5,4
80,9,4,3,4,5,6
80,6,3,5,6,3,5
80,8,4,6,10,5,5
80,2,2,0,7,4,7
80,3,3,1,2,5,7
80,1,2,7,1,3,6
80,10,4,4,5,5,2
80,5,2,7,9,5,7
80,6,3,4,6,3,2
80,2,2,5,7,4,4
80,7,4,3,8,5,7
80,4,2,6,3,5,4
80,9,4,2,4,5,4
80,8,4,3,10,5,4
80,3,3,1,2,5,7
81,5,3,2,4,4,4
81,7,5,7,5,4,2
81,3,4,3,9,3,6
81,8,5,7,7,3,7
81,4,5,6,2,5,4
81,10,4,7,10,4,6
81,1,3,7,1,3,1
81,9,5,7,8,3,7
81,2,3,4,3,4,5
81,6,4,7,6,5,6
81,5,3,6,4,4,4
81,3,4,4,9,3,2
81,4,5,2,2,5,7
81,1,3,0,1,3,7
81,2,3,5,3,4,4
81,7,5,4,5,4,7
81,8,5,2,7,3,5
81,10,4,0,10,4,6
81,9,5,3,8,3,4
81,6,4,7,6,5,6
82,6,3,1,9,3,6
82,4,5,6,7,5,2
82,10,3,5,6,3,4
82,3,5,0,8,5,1
82,2,3,7,1,3,6
82,9,5,4,5,4,1
82,5,3,2,10,5,4
82,7,5,5,4,5,1
82,1,3,6,2,5,4
82,8,5,5,3,5,1
82,6,3,3,9,3,7
82,10,3,7,6,3,4
82,2,3,3,1,3,6
82,5,3,3,10,5,4
82,1,3,2,2,5,7
82,4,5,4,7,5,4
82,3,5,5,8,5,3
82,9,5,1,5,4,4
82,7,5,4,4,5,4
82,8,5,5,3,5,1
83,1,4,5,10,4,5
83,7,4,3,7,4,4
83,4,4,6,1,4,6
83,10,4,4,5,4,2
83,5,4,4,2,4,1
83,9,4,5,4,4,6
83,3,4,2,6,4,4
83,6,4,4,8,4,5
83,2,4,6,9,4,1
83,8,4,6,3,4,2
83,1,4,2,10,4,6
83,4,4,5,1,4,7
83,5,4,6,2,4,6
83,3,4,0,6,4,7
83,2,4,5,9,4,6
83,7,4,1,7,4,7
83,10,4,0,5,4,4
83,9,4,3,4,4,7
83,6,4,5,8,4,7
83,8,4,6,3,4,2
84,5,4,4,1,4,4
84,9,5,7,7,4,2
84,2,4,6,6,5,5
84,8,5,7,3,4,4
84,4,4,6,2,4,4
84,10,3,7,10,4,4
84,1,4,5,4,5,7
84,7,5,7,8,4,5
84,3,4,2,9,4,2
84,6,3,7,5,5,6
84,5,4,3,1,4,4
84,2,4,2,6,5,6
84,4,4,2,2,4,1
84,1,4,1,4,5,4
84,3,4,5,9,4,6
84,9,5,2,7,4,3
84,8,5,2,3,4,2
84,10,3,1,10,4,6
84,7,5,6,8,4,3
84,6,3,7,5,5,6
85,4,3,6,4,3,4
85,10,3,5,9,4,4
85,3,4,2,10,5,5
85,6,3,7,7,5,4
85,5,2,4,1,3,6
85,9,4,7,5,5,2
85,2,2,6,2,4,6
85,8,3,6,6,5,5
85,1,2,5,3,3,7
85,7,3,3,8,5,7
85,4,3,4,4,3,4
85,3,4,6,10,5,6
85,5,2,3,1,3,7
85,2,2,0,2,4,4
85,1,2,7,3,3,1
85,10,3,3,9,4,6
85,6,3,3,7,5,7
85,9,4,2,5,5,7
85,8,3,4,6,5,4
85,7,3,3,8,5,7
86,2,4,6,9,5,5
86,8,5,2,8,3,3
86,9,4,4,5,4,2
86,5,5,4,2,5,7
86,10,4,6,1,5,4
86,4,5,3,7,4,7
86,7,5,7,4,5,6
86,3,4,2,6,5,5
86,6,5,4,3,5,2
86,1,4,0,10,5,4
86,2,4,7,9,5,2
86,9,4,0,5,4,6
86,10,4,1,1,5,5
86,7,5,6,4,5,4
86,6,5,5,3,5,7
86,8,5,1,8,3,5
86,5,5,5,2,5,7
86,4,5,4,7,4,2
86,3,4,1,6,5,5
86,1,4,0,10,5,4
87,2,3,5,10,4,4
87,7,4,5,4,5,4
87,1,3,7,9,4,5
87,9,4,0,8,5,1
87,10,3,6,1,4,6
87,4,5,4,5,5,2
87,3,4,2,2,4,7
87,6,4,5,7,5,3
87,8,4,1,3,5,5
87,5,4,3,6,4,5
87,2,3,0,10,4,4
87,1,3,7,9,4,7
87,10,3,5,1,4,7
87,3,4,3,2,4,4
87,8,4,4,3,5,4
87,7,4,1,4,5,7
87,9,4,6,8,5,3
87,4,5,1,5,5,7
87,6,4,7,7,5,2
87,5,4,3,6,4,5
88,3,3,2,6,5,4
88,6,5,7,8,4,7
88,5,4,4,3,2,1
88,9,4,7,9,3,6
88,1,4,5,7,3,7
88,7,5,3,4,3,5
88,4,4,6,1,2,6
88,10,4,7,10,4,4
88,2,4,6,2,3,2
88,8,5,3,5,4,7
88,3,3,6,6,5,5
88,5,4,3,3,2,3
88,1,4,2,7,3,4
88,4,4,2,1,2,7
88,2,4,4,2,3,5
88,6,5,3,8,4,5
88,9,4,1,9,3,4
88,7,5,1,4,3,4
88,10,4,2,10,4,1
88,8,5,3,5,4,7
89,5,4,4,7,4,6
89,9,4,7,9,5,7
89,2,3,5,1,3,7
89,7,3,1,2,4,2
89,10,3,6,5,4,3
89,4,4,2,8,4,7
89,1,3,1,4,4,4
89,3,3,2,10,4,2
89,6,3,5,3,4,5
89,8,3,1,6,3,2
89,5,4,3,7,4,4
89,2,3,7,1,3,6
89,10,3,7,5,4,4
89,1,3,4,4,4,4
89,6,3,3,3,4,1
89,9,4,1,9,5,2
89,7,3,3,2,4,5
89,4,4,4,8,4,6
89,3,3,3,10,4,5
89,8,3,1,6,3,2
90,4,4,1,4,3,6
90,6,4,4,6,5,6
90,1,4,7,2,2,4
90,9,4,5,10,3,6
90,3,4,5,8,3,1
90,10,4,7,1,2,7
90,2,4,5,3,2,3
90,7,4,2,7,4,6
90,5,4,1,9,3,2
90,8,4,7,5,4,4
90,4,4,2,4,3,1
90,1,4,1,2,2,5
90,3,4,0,8,3,7
90,2,4,3,3,2,1
90,5,4,7,9,3,7
90,6,4,3,6,5,5
90,9,4,0,10,3,6
90,10,4,1,1,2,4
90,7,4,4,7,4,7
90,8,4,7,5,4,4
91,1,4,7,1,4,7
91,9,4,0,9,3,2
91,10,5,7,2,3,2
91,2,4,3,5,4,7
91,5,3,7,7,3,5
91,6,4,6,10,3,4
91,7,3,7,4,3,7
91,3,3,4,8,2,7
91,4,2,7,3,3,5
91,8,3,6,6,4,4
91,1,4,7,1,4,7
91,10,5,4,2,3,7
91,5,3,2,7,3,7
91,7,3,3,4,3,4
91,4,2,6,3,3,1
91,9,4,7,9,3,2
91,2,4,4,5,4,1
91,6,4,2,10,3,6
91,3,3,3,8,2,4
91,8,3,6,6,4,4
92,4,3,6,2,3,2
92,9,1,5,5,2,6
92,3,2,2,1,2,1
92,6,2,4,8,4,4
92,1,1,6,7,3,5
92,8,2,2,10,2,4
92,10,1,1,4,3,4
92,7,2,5,9,4,1
92,2,1,3,3,4,5
92,5,2,5,6,2,6
92,4,3,4,2,3,7
92,3,2,1,1,2,4
92,1,1,7,7,3,7
92,10,1,7,4,3,4
92,2,1,7,3,4,4
92,9,1,3,5,2,3
92,6,2,5,8,4,6
92,8,2,4,10,2,4
92,7,2,2,9,4,7
92,5,2,5,6,2,6
93,10,5,6,7,5,4
93,4,5,7,1,5,6
93,8,5,6,10,5,4
93,2,5,7,9,5,7
93,9,5,5,6,5,6
93,3,5,7,4,5,4
93,7,5,2,5,5,2
93,5,5,7,2,5,5
93,6,5,4,8,5,7
93,1,5,7,3,5,3
93,10,5,2,7,5,5
93,8,5,2,10,5,5
93,9,5,1,6,5,7
93,7,5,6,5,5,3
93,6,5,1,8,5,1
93,4,5,2,1,5,7
93,2,5,0,9,5,4
93,3,5,6,4,5,1
93,5,5,3,2,5,4
93,1,5,7,3,5,3
94,2,4,5,2,3,2
94,7,3,1,5,4,2
94,10,3,6,9,5,4
94,4,4,4,4,3,6
94,3,3,2,6,4,4
94,6,4,5,8,4,1
94,8,3,6,1,4,4
94,1,4,3,7,4,5
94,5,5,4,10,4,2
94,9,2,7,3,3,4
94,2,4,7,2,3,2
94,10,3,5,9,5,7
94,3,3,3,6,4,4
94,8,3,1,1,4,6
94,5,5,2,10,4,1
94,7,3,3,5,4,4
94,4,4,1,4,3,7
94,6,4,4,8,4,4
94,1,4,7,7,4,3
94,9,2,7,3,3,4
95,5,3,4,3,4,5
95,9,4,7,6,4,7
95,2,3,5,9,3,4
95,7,4,3,4,4,1
95,4,3,6,2,4,7
95,10,4,5,7,4,4
95,3,3,2,1,4,1
95,6,4,4,8,3,6
95,1,3,6,10,3,1
95,8,4,1,5,4,4
95,5,3,3,3,4,1
95,2,3,2,9,3,2
95,4,3,4,2,4,7
95,3,3,1,1,4,6
95,1,3,7,10,3,5
95,9,4,1,6,4,6
95,7,4,1,4,4,7
95,10,4,3,7,4,4
95,6,4,5,8,3,3
95,8,4,1,5,4,4
96,5,1,2,2,3,6
96,7,3,6,6,4,7
96,6,1,3,9,2,1
96,9,3,0,3,2,3
96,10,2,5,7,3,5
96,3,2,0,10,2,4
96,2,1,6,4,3,4
96,8,3,6,5,3,6
96,1,1,2,1,3,1
96,4,2,5,8,2,5
96,5,1,7,2,3,2
96,6,1,3,9,2,6
96,10,2,7,7,3,7
96,2,1,0,4,3,5
96,1,1,5,1,3,4
96,7,3,1,6,4,5
96,9,3,5,3,2,2
96,3,2,3,10,2,1
96,8,3,7,5,3,3
96,4,2,5,8,2,5
97,10,1,6,4,3,7
97,4,4,2,8,4,4
97,2,2,6,7,3,5
97,8,2,5,10,5,4
97,6,1,2,9,5,1
97,3,5,7,3,3,7
97,7,2,5,1,5,6
97,1,2,3,5,5,7
97,5,3,4,6,5,6
97,9,3,0,2,4,1
97,10,1,7,4,3,7
97,2,2,4,7,3,6
97,6,1,6,9,5,7
97,7,2,2,1,5,4
97,5,3,5,6,5,4
97,4,4,7,8,4,6
97,8,2,3,10,5,2
97,3,5,1,3,3,4
97,1,2,7,5,5,2
97,9,3,0,2,4,1
98,10,5,6,1,4,1
98,4,3,5,8,4,6
98,5,3,4,10,4,5
98,9,5,7,7,4,2
98,2,5,5,6,3,5
98,7,4,6,3,4,4
98,6,4,2,2,3,2
98,3,5,1,5,5,2
98,1,5,6,9,3,4
98,8,4,2,4,5,5
98,10,5,4,1,4,6
98,5,3,3,10,4,5
98,2,5,4,6,3,6
98,6,4,4,2,3,2
98,1,5,2,9,3,5
98,4,3,6,8,4,4
98,9,5,1,7,4,3
98,7,4,7,3,4,4
98,3,5,3,5,5,4
98,8,4,2,4,5,5
99,6,4,3,2,3,2
99,10,4,5,5,5,6
99,3,4,5,1,3,7
99,9,4,4,9,2,4
99,5,4,1,4,4,7
99,8,4,4,7,5,3
99,7,4,5,3,5,7
99,2,4,0,8,5,4
99,1,4,2,6,3,5
99,4,4,1,10,3,4
99,6,4,2,2,3,7
99,3,4,6,1,3,5
99,5,4,2,4,4,4
99,7,4,5,3,5,5
99,1,4,7,6,3,7
99,10,4,0,5,5,2
99,9,4,2,9,2,6
99,8,4,6,7,5,4
99,2,4,2,8,5,6
99,4,4,1,10,3,4
100,10,5,7,10,3,4
100,2,4,7,2,4,5
100,9,4,3,8,4,3
100,6,5,6,5,4,7
100,7,4,5,7,3,3
100,1,4,1,3,4,7
100,3,4,4,1,3,5
100,4,3,5,4,3,4
100,5,4,1,9,3,7
100,8,4,2,6,3,5
100,10,5,0,10,3,6
100,9,4,1,8,4,4
100,7,4,7,7,3,4
100,3,4,6,1,3,7
100,5,4,3,9,3,2
100,2,4,4,2,4,2
100,6,5,4,5,4,4
100,1,4,2,3,4,4
100,4,3,7,4,3,6
100,8,4,2,6,3,5
101,2,2,5,6,2,4
101,7,3,1,8,5,5
101,10,2,6,9,3,6
101,4,3,2,7,3,5
101,1,2,6,10,4,2
101,8,3,3,3,4,4
101,3,3,6,5,3,2
101,5,2,4,2,3,7
101,9,3,3,1,2,5
101,6,2,4,4,5,6
101,2,2,7,6,2,7
101,10,2,7,9,3,4
101,1,2,1,10,4,1
101,3,3,5,5,3,6
101,9,3,1,1,2,1
101,7,3,3,8,5,4
101,4,3,7,7,3,3
101,8,3,1,3,4,4
101,5,2,7,2,3,1
101,6,2,4,4,5,6
102,9,5,3,3,3,1
102,6,3,4,9,3,7
102,1,1,5,1,3,4
102,7,4,7,6,5,6
102,3,2,4,2,4,2
102,4,3,5,5,3,4
102,5,2,4,4,4,4
102,10,3,7,10,3,6
102,2,1,6,8,2,4
102,8,4,2,7,5,3
102,9,5,7,3,3,7
102,1,1,1,1,3,7
102,3,2,6,2,4,1
102,5,2,3,4,4,7
102,2,1,4,8,2,5
102,6,3,6,9,3,7
102,7,4,3,6,5,7
102,4,3,6,5,3,1
102,10,3,2,10,3,5
102,8,4,2,7,5,3
103,7,5,1,1,3,6
103,9,4,7,10,4,4
103,2,3,2,2,3,6
103,4,4,1,6,4,7
103,6,5,4,5,4,3
103,1,3,1,8,4,7
103,3,4,3,3,4,4
103,8,5,2,4,4,7
103,10,4,4,7,4,6
103,5,4,2,9,4,7
103,7,5,5,1,3,7
103,2,3,4,2,3,2
103,6,5,2,5,4,4
103,3,4,5,3,4,3
103,10,4,0,7,4,5
103,9,4,6,10,4,5
103,4,4,2,6,4,4
103,1,3,6,8,4,7
103,8,5,1,4,4,4
103,5,4,2,9,4,7
104,4,4,6,4,4,7
104,10,4,4,7,3,4
104,5,4,1,1,4,6
104,8,4,6,10,2,4
104,2,4,5,2,3,6
104,7,4,7,6,4,5
104,3,4,5,3,3,4
104,9,4,7,5,4,2
104,1,4,4,9,2,5
104,6,4,1,8,2,7
104,4,4,5,4,4,5
104,5,4,3,1,4,7
104,2,4,0,2,3,4
104,3,4,1,3,3,1
104,1,4,7,9,2,6
104,10,4,2,7,3,5
104,8,4,4,10,2,5
104,7,4,1,6,4,7
104,9,4,3,5,4,3
104,6,4,1,8,2,7
105,5,2,2,1,3,1
105,7,3,1,8,4,5
105,10,2,6,2,3,4
105,4,3,2,10,4,4
105,2,2,7,9,3,7
105,9,3,3,6,3,6
105,6,2,2,4,3,4
105,3,3,1,3,3,3
105,1,2,6,7,3,7
105,8,3,1,5,3,6
105,5,2,4,1,3,7
105,10,2,7,2,3,2
105,2,2,4,9,3,4
105,6,2,4,4,3,7
105,1,2,5,7,3,4
105,7,3,3,8,4,6
105,4,3,6,10,4,5
105,9,3,5,6,3,5
105,3,3,3,3,3,4
105,8,3,1,5,3,6
106,4,4,6,4,2,1
106,10,1,0,2,3,7
106,9,2,7,7,4,5
106,1,2,1,10,3,6
106,3,3,6,8,5,4
106,5,3,1,6,3,7
106,8,5,5,5,2,6
106,6,3,6,1,2,7
106,7,5,5,3,2,1
106,2,2,2,9,3,4
106,4,4,6,4,2,7
106,9,2,5,7,4,4
106,3,3,3,8,5,3
106,8,5,4,5,2,4
106,7,5,1,3,2,4
106,10,1,7,2,3,4
106,1,2,3,10,3,5
106,5,3,7,6,3,4
106,6,3,4,1,2,7
106,2,2,2,9,3,4
107,4,2,2,8,3,7
107,2,1,3,3,3,7
107,5,2,4,1,2,4
107,9,1,3,6,2,6
107,6,2,4,4,3,4
107,1,1,6,10,3,4
107,8,2,2,9,2,6
107,10,1,1,7,2,7
107,7,2,7,2,3,2
107,3,1,4,5,2,3
107,4,2,5,8,3,1
107,5,2,7,1,2,5
107,6,2,5,4,3,4
107,8,2,4,9,2,2
107,7,2,5,2,3,4
107,2,1,7,3,3,5
107,9,1,7,6,2,5
107,1,1,7,10,3,5
107,10,1,5,7,2,7
107,3,1,4,5,2,3
108,2,4,6,1,3,1
108,8,4,2,8,3,4
108,10,4,6,6,3,5
108,4,4,5,3,3,1
108,5,4,4,9,3,6
108,9,4,3,7,4,7
108,6,4,4,2,3,4
108,1,4,1,10,2,1
108,3,4,7,5,3,4
108,7,4,5,4,2,5
108,2,4,7,1,3,4
108,10,4,4,6,3,7
108,5,4,7,9,3,2
108,6,4,2,2,3,2
108,3,4,3,5,3,3
108,8,4,7,8,3,7
108,4,4,6,3,3,3
108,9,4,7,7,4,5
108,1,4,5,10,2,4
108,7,4,5,4,2,5
109,1,3,6,1,3,1
109,8,3,7,8,2,5
109,4,3,6,2,4,2
109,10,3,4,5,4,2
109,5,3,4,9,2,6
109,9,3,5,7,4,7
109,3,3,2,4,4,6
109,6,3,4,6,4,5
109,2,3,5,3,4,2
109,7,3,5,10,2,6
109,1,3,2,1,3,7
109,4,3,5,2,4,2
109,5,3,6,9,2,4
109,3,3,0,4,4,4
109,2,3,6,3,4,7
109,8,3,2,8,2,3
109,10,3,0,5,4,7
109,9,3,3,7,4,2
109,6,3,6,6,4,5
109,7,3,5,10,2,6
110,1,5,6,2,5,2
110,8,3,7,5,3,2
110,4,5,1,9,5,6
110,6,3,3,7,2,4
110,10,2,7,8,4,1
110,2,5,5,1,5,5
110,7,3,7,4,4,4
110,3,5,6,10,2,2
110,5,5,4,3,5,5
110,9,2,7,6,3,6
110,1,5,2,2,5,2
110,4,5,6,9,5,5
110,10,2,1,8,4,7
110,7,3,2,4,4,4
110,5,5,1,3,5,4
110,8,3,5,5,3,7
110,6,3,4,7,2,4
110,2,5,0,1,5,6
110,3,5,5,10,2,5
110,9,2,7,6,3,6
111,1,4,2,9,2,4
111,4,5,2,4,5,6
111,2,4,7,6,3,7
111,9,5,3,5,5,6
111,6,4,6,1,3,1
111,7,5,1,8,2,5
111,10,4,2,2,4,4
111,8,5,3,3,5,2
111,3,5,6,10,2,5
111,5,4,3,7,5,6
111,1,4,0,9,2,7
111,2,4,4,6,3,4
111,6,4,3,1,3,7
111,10,4,5,2,4,4
111,3,5,4,10,2,4
111,4,5,6,4,5,4
111,9,5,1,5,5,3
111,7,5,4,8,2,7
111,8,5,1,3,5,3
111,5,4,3,7,5,6
112,5,3,4,1,3,6
112,9,5,5,5,4,1
112,3,4,2,10,5,2
112,6,4,4,3,4,5
112,2,2,5,6,2,4
112,7,5,3,8,5,5
112,4,2,6,9,5,4
112,10,4,7,4,4,1
112,1,2,6,2,4,7
112,8,5,1,7,3,4
112,5,3,6,1,3,6
112,3,4,0,10,5,5
112,2,2,2,6,2,7
112,4,2,2,9,5,2
112,1,2,7,2,4,2
112,9,5,3,5,4,4
112,6,4,6,3,4,7
112,7,5,1,8,5,7
112,10,4,2,4,4,7
112,8,5,1,7,3,4
113,8,5,6,10,3,5
113,1,4,7,6,5,7
113,9,5,4,5,5,6
113,5,4,4,1,3,7
113,10,5,6,3,4,1
113,4,4,3,9,2,5
113,7,5,5,8,2,7
113,2,4,4,4,5,7
113,6,5,2,7,4,7
113,3,4,3,2,4,4
113,8,5,2,10,3,1
113,9,5,0,5,5,4
113,10,5,1,3,4,7
113,7,5,6,8,2,4
113,6,5,4,7,4,2
113,1,4,3,6,5,4
113,5,4,5,1,3,7
113,4,4,2,9,2,4
113,2,4,0,4,5,1
113,3,4,3,2,4,4
114,2,4,5,1,4,4
114,7,3,3,7,4,6
114,4,3,6,9,3,2
114,10,5,7,5,4,4
114,1,4,6,3,3,2
114,8,3,3,10,3,4
114,3,3,2,4,4,7
114,6,5,7,8,3,5
114,5,4,4,2,3,6
114,9,3,7,6,3,4
114,2,4,2,1,4,7
114,4,3,2,9,3,1
114,1,4,1,3,3,4
114,3,3,6,4,4,1
114,5,4,2,2,3,7
114,7,3,1,7,4,7
114,10,5,2,5,4,1
114,8,3,5,10,3,6
114,6,5,3,8,3,4
114,9,3,7,6,3,4
115,1,2,5,6,3,7
115,7,4,2,9,2,2
115,5,3,4,2,4,4
115,9,3,7,10,3,6
115,2,2,6,1,2,4
115,8,4,7,7,4,7
115,4,3,1,5,4,3
115,6,4,2,8,5,7
115,3,2,5,4,5,4
115,10,3,7,3,5,5
115,1,2,3,6,3,6
115,5,3,3,2,4,7
115,2,2,2,1,2,6
115,4,3,4,5,4,4
115,3,2,7,4,5,4
115,7,4,1,9,2,4
115,9,3,2,10,3,5
115,8,4,5,7,4,4
115,6,4,3,8,5,7
115,10,3,7,3,5,5
116,1,1,4,2,4,7
116,6,4,6,7,5,7
116,7,5,5,5,4,3
116,2,1,7,8,5,5
116,10,2,2,9,4,4
116,8,5,2,4,4,6
116,9,3,6,6,4,5
116,4,3,5,3,3,7
116,5,3,6,1,3,6
116,3,3,1,10,4,4
116,1,1,5,2,4,2
116,7,5,1,5,4,2
116,10,2,0,9,4,7
116,9,3,4,6,4,4
116,5,3,7,1,3,4
116,6,4,4,7,5,4
116,2,1,6,8,5,7
116,8,5,7,4,4,4
116,4,3,4,3,3,2
116,3,3,1,10,4,4
117,7,4,5,3,4,4
117,1,3,0,5,3,7
117,2,3,2,7,3,4
117,4,3,1,8,2,5
117,6,4,2,9,2,2
117,3,3,6,2,5,6
117,5,3,4,6,3,5
117,9,4,0,10,2,6
117,10,4,2,1,4,5
117,8,4,4,4,3,4
117,7,4,5,3,4,3
117,2,3,4,7,3,6
117,6,4,7,9,2,7
117,5,3,4,6,3,4
117,10,4,7,1,4,6
117,1,3,2,5,3,3
117,4,3,4,8,2,5
117,3,3,5,2,5,4
117,9,4,2,10,2,4
117,8,4,4,4,3,4
118,2,3,5,2,3,2
118,7,4,3,5,4,6
118,4,3,6,1,3,4
118,10,3,5,7,3,3
118,3,3,2,3,3,2
118,6,4,5,10,3,6
118,8,4,6,8,3,4
118,1,3,3,6,4,6
118,5,3,4,4,4,4
118,9,3,7,9,3,2
118,2,3,2,2,3,7
118,4,3,4,1,3,7
118,3,3,3,3,3,7
118,8,4,1,8,3,7
118,5,3,2,4,4,4
118,7,4,1,5,4,7
118,10,3,3,7,3,5
118,6,4,4,10,3,5
118,1,3,7,6,4,7
118,9,3,7,9,3,2
119,1,4,5,2,4,5
119,7,3,6,8,2,7
119,6,3,2,3,3,5
119,3,3,0,6,4,2
119,2,4,6,7,3,5
119,8,3,2,10,3,6
119,10,2,6,1,4,5
119,4,4,5,4,4,4
119,5,4,4,5,4,2
119,9,2,7,9,2,2
119,1,4,4,2,4,4
119,6,3,4,3,3,3
119,2,4,7,7,3,4
119,10,2,4,1,4,6
119,5,4,2,5,4,3
119,7,3,7,8,2,4
119,3,3,3,6,4,5
119,8,3,7,10,3,4
119,4,4,6,4,4,4
119,9,2,7,9,2,2
120,7,4,5,1,3,1
120,2,4,2,8,4,4
120,4,4,6,7,4,2
120,10,4,3,6,3,5
120,6,4,2,3,4,2
120,3,4,1,10,3,4
120,1,4,6,9,3,4
120,8,4,1,4,3,1
120,5,4,4,2,3,2
120,9,4,1,5,4,6
120,7,4,3,1,3,4
120,4,4,1,7,4,3
120,6,4,4,3,4,1
120,1,4,3,9,3,2
120,5,4,3,2,3,5
120,2,4,7,8,4,4
120,10,4,5,6,3,5
120,3,4,3,10,3,4
120,8,4,2,4,3,4
120,9,4,1,5,4,6
121,6,2,2,5,2,3
121,3,3,7,8,3,5
121,7,4,3,2,5,4
121,4,3,6,10,3,5
121,9,4,7,7,2,6
121,2,3,7,9,4,1
121,10,2,2,3,5,4
121,8,4,6,4,5,5
121,1,3,3,1,5,4
121,5,2,7,6,3,7
121,6,2,6,5,2,2
121,7,4,1,2,5,7
121,9,4,0,7,2,3
121,10,2,7,3,5,7
121,1,3,1,1,5,1
121,3,3,4,8,3,6
121,4,3,2,10,3,4
121,2,3,6,9,4,4
121,8,4,1,4,5,6
121,5,2,7,6,3,7
122,3,3,2,3,2,2
122,6,4,4,10,3,1
122,2,3,6,5,4,2
122,8,4,7,2,3,7
122,4,4,6,1,5,5
122,9,5,1,4,4,4
122,7,4,5,9,3,6
122,1,3,7,7,3,4
122,10,5,4,8,2,4
122,5,3,6,6,5,5
122,3,3,0,3,2,4
122,2,3,2,5,4,6
122,4,4,3,1,5,7
122,7,4,1,9,3,5
122,10,5,3,8,2,6
122,6,4,5,10,3,4
122,8,4,2,2,3,1
122,9,5,7,4,4,7
122,1,3,3,7,3,2
122,5,3,6,6,5,5
123,2,4,6,3,1,4
123,8,2,1,5,5,4
123,5,2,4,4,2,7
123,9,4,6,8,2,5
123,4,2,6,9,1,7
123,10,4,5,6,5,6
123,3,4,2,2,1,4
123,6,4,4,10,2,6
123,1,4,5,1,2,4
123,7,2,5,7,4,3
123,2,4,3,3,1,4
123,5,2,5,4,2,4
123,4,2,4,9,1,2
123,3,4,1,2,1,7
123,1,4,6,1,2,6
123,8,2,2,5,5,3
123,9,4,0,8,2,4
123,10,4,3,6,5,5
123,6,4,6,10,2,5
123,7,2,5,7,4,3
124,4,4,6,1,4,7
124,10,4,4,2,5,4
124,5,4,1,3,5,3
124,8,4,3,7,5,7
124,3,4,7,5,4,1
124,7,4,5,10,3,4
124,2,4,4,4,3,7
124,6,4,4,8,2,4
124,1,4,7,6,5,7
124,9,4,6,9,3,7
124,4,4,5,1,4,7
124,5,4,6,3,5,4
124,3,4,0,5,4,4
124,2,4,0,4,3,6
124,1,4,7,6,5,6
124,10,4,2,2,5,7
124,8,4,4,7,5,5
124,7,4,6,10,3,6
124,6,4,3,8,2,5
124,9,4,6,9,3,7
125,10,3,3,1,3,1
125,6,3,2,8,4,4
125,3,3,6,6,5,5
125,5,3,4,3,3,4
125,9,3,6,4,3,1
125,4,3,2,2,3,2
125,2,3,6,5,4,1
125,8,3,6,10,4,4
125,1,3,5,9,3,6
125,7,3,1,7,4,4
125,10,3,5,1,3,4
125,3,3,5,6,5,6
125,9,3,7,4,3,4
125,2,3,0,5,4,2
125,1,3,4,9,3,5
125,6,3,7,8,4,7
125,5,3,5,3,3,4
125,4,3,7,2,3,4
125,8,3,4,10,4,5
125,7,3,1,7,4,4
126,10,1,6,6,3,5
126,4,3,2,3,4,7
126,2,2,7,1,4,6
126,9,2,1,10,3,1
126,7,3,7,5,3,4
126,3,2,6,4,4,4
126,5,2,1,9,3,5
126,8,3,6,8,4,4
126,1,2,4,7,4,7
126,6,3,3,2,4,6
126,10,1,7,6,3,4
126,2,2,5,1,4,6
126,7,3,2,5,3,2
126,5,2,3,9,3,6
126,1,2,2,7,4,3
126,4,3,6,3,4,2
126,9,2,5,10,3,4
126,3,2,3,4,4,7
126,8,3,5,8,4,5
126,6,3,3,2,4,6
127,7,5,5,1,5,6
127,2,5,0,10,3,4
127,1,5,3,2,3,2
127,5,5,5,5,4,7
127,4,5,6,6,4,4
127,10,5,0,8,3,5
127,9,5,2,9,4,6
127,8,5,5,7,3,3
127,6,5,2,3,3,4
127,3,5,7,4,4,5
127,7,5,5,1,5,7
127,1,5,2,2,3,6
127,4,5,6,6,4,7
127,9,5,3,9,4,1
127,6,5,4,3,3,2
127,2,5,3,10,3,1
127,5,5,4,5,4,3
127,10,5,2,8,3,4
127,8,5,3,7,3,7
127,3,5,7,4,4,5
128,6,4,2,6,5,6
128,3,4,1,4,3,5
128,1,4,6,1,3,6
128,8,3,2,5,5,2
128,10,4,1,2,3,5
128,7,3,5,8,4,6
128,2,4,2,10,2,2
128,4,3,5,3,3,1
128,5,3,4,9,2,6
128,9,3,3,7,3,2
128,6,4,4,6,5,4
128,1,4,7,1,3,7
128,10,4,7,2,3,4
128,2,4,3,10,2,4
128,5,3,6,9,2,4
128,3,4,3,4,3,4
128,8,3,4,5,5,3
128,7,3,3,8,4,7
128,4,3,6,3,3,3
128,9,3,3,7,3,2
129,5,4,4,1,4,1
129,9,5,0,8,5,4
129,10,5,6,6,5,5
129,4,3,2,3,4,1
129,2,3,6,9,5,4
129,8,5,5,4,4,1
129,6,5,2,2,4,2
129,3,3,1,5,5,1
129,1,3,5,10,5,5
129,7,5,2,7,5,4
129,5,4,4,1,4,4
129,10,5,7,6,5,7
129,2,3,4,9,5,2
129,6,5,4,2,4,4
129,1,3,7,10,5,6
129,9,5,6,8,5,7
129,4,3,7,3,4,4
129,8,5,3,4,4,4
129,3,3,7,5,5,7
129,7,5,2,7,5,4
130,10,2,5,8,4,4
130,3,1,3,6,4,7
130,8,3,1,9,3,1
130,5,2,4,3,3,4
130,9,2,6,4,3,7
130,4,2,1,7,4,7
130,6,3,4,5,4,2
130,2,1,5,2,3,4
130,7,3,5,10,3,6
130,1,1,7,1,3,1
130,10,2,2,8,4,5
130,8,3,2,9,3,4
130,9,2,3,4,3,4
130,6,3,6,5,4,1
130,7,3,7,10,3,5
130,3,1,6,6,4,5
130,5,2,5,3,3,3
130,4,2,2,7,4,7
130,2,1,0,2,3,7
130,1,1,7,1,3,1
131,9,4,4,9,4,1
131,5,4,6,3,5,5
131,3,4,4,6,4,5
131,4,5,6,10,5,6
131,10,3,7,1,4,5
131,2,3,0,4,5,7
131,1,3,5,7,4,4
131,7,5,6,8,5,3
131,6,4,5,5,4,2
131,8,5,2,2,5,2
131,9,4,5,9,4,7
131,3,4,5,6,4,4
131,10,3,7,1,4,4
131,1,3,4,7,4,7
131,6,4,7,5,4,4
131,5,4,5,3,5,2
131,4,5,2,10,5,4
131,2,3,5,4,5,7
131,7,5,4,8,5,5
131,8,5,2,2,5,2
132,6,1,2,2,3,2
132,3,4,5,5,5,2
132,10,1,6,9,4,4
132,4,4,2,4,4,4
132,2,3,6,3,4,3
132,8,2,2,7,3,4
132,9,2,4,8,5,6
132,5,3,2,10,4,6
132,7,2,5,1,3,4
132,1,3,4,6,3,6
132,6,1,3,2,3,2
132,10,1,7,9,4,1
132,2,3,7,3,4,7
132,9,2,1,8,5,1
132,7,2,7,1,3,6
132,3,4,4,5,5,4
132,4,4,7,4,4,7
132,8,2,1,7,3,5
132,5,3,3,10,4,5
132,1,3,4,6,3,6
133,8,4,6,6,4,4
133,2,5,3,8,5,5
133,5,5,4,2,3,2
133,9,4,5,5,5,1
133,3,4,2,10,4,6
133,6,5,3,1,3,7
133,10,5,6,3,4,1
133,4,4,3,9,3,4
133,7,4,5,4,5,7
133,1,5,6,7,5,2
133,8,4,1,6,4,6
133,5,5,6,2,3,4
133,3,4,5,10,4,2
133,10,5,1,3,4,4
133,7,4,5,4,5,7
133,2,5,7,8,5,3
133,9,4,3,5,5,6
133,6,5,1,1,3,7
133,4,4,2,9,3,6
133,1,5,6,7,5,2
134,6,3,2,9,3,6
134,3,3,6,7,3,7
134,5,3,2,2,4,5
134,7,3,1,8,4,1
134,10,3,6,1,5,6
134,4,3,2,5,4,4
134,1,3,6,4,4,4
134,8,3,2,10,5,2
134,9,3,7,3,4,5
134,2,3,4,6,5,7
134,6,3,7,9,3,2
134,5,3,4,2,4,7
134,10,3,7,1,5,5
134,1,3,7,4,4,4
134,9,3,5,3,4,3
134,3,3,7,7,3,4
134,7,3,3,8,4,3
134,4,3,7,5,4,1
134,8,3,6,10,5,5
134,2,3,4,6,5,7
135,6,3,2,2,3,7
135,3,5,4,1,4,1
135,4,4,6,8,3,3
135,9,3,2,5,4,7
135,8,4,6,7,3,6
135,1,4,3,9,4,4
135,5,3,4,4,3,6
135,10,2,1,6,5,5
135,7,4,5,3,3,2
135,2,4,4,10,3,4
135,6,3,1,2,3,5
135,4,4,7,8,3,4
135,8,4,1,7,3,7
135,5,3,2,4,3,4
135,7,4,7,3,3,7
135,3,5,5,1,4,6
135,9,3,7,5,4,2
135,1,4,7,9,4,7
135,10,2,7,6,5,5
135,2,4,4,10,3,4
136,2,5,6,1,5,6
136,8,5,7,10,5,4
136,4,5,6,2,5,6
136,10,5,7,6,4,7
136,1,5,4,9,5,1
136,6,5,7,3,5,4
136,5,5,4,4,5,7
136,9,5,5,7,4,4
136,3,5,7,8,5,3
136,7,5,5,5,4,6
136,2,5,2,1,5,7
136,4,5,2,2,5,2
136,1,5,3,9,5,4
136,5,5,6,4,5,7
136,3,5,3,8,5,6
136,8,5,2,10,5,5
136,10,5,3,6,4,5
136,6,5,3,3,5,3
136,9,5,1,7,4,7
136,7,5,5,5,4,6
137,9,4,1,7,3,2
137,7,2,7,6,5,4
137,3,4,4,8,5,6
137,4,3,7,10,5,4
137,8,2,6,2,4,1
137,1,2,0,4,4,4
137,2,2,4,5,5,4
137,6,1,3,3,4,1
137,10,2,4,9,4,7
137,5,1,4,1,3,4
137,9,4,5,7,3,4
137,3,4,3,8,5,5
137,8,2,6,2,4,2
137,2,2,7,5,5,2
137,10,2,1,9,4,7
137,7,2,3,6,5,5
137,4,3,2,10,5,4
137,1,2,4,4,4,4
137,6,1,7,3,4,7
137,5,1,4,1,3,4
138,10,2,6,9,2,2
138,4,1,2,5,2,6
138,1,1,5,1,2,5
138,7,1,2,4,5,6
138,5,1,4,6,2,5
138,9,5,3,3,5,4
138,6,1,2,2,2,5
138,3,5,0,8,5,6
138,2,1,6,10,2,5
138,8,1,2,7,2,6
138,10,2,7,9,2,7
138,1,1,3,1,2,4
138,5,1,7,6,2,6
138,6,1,4,2,2,4
138,2,1,2,10,2,1
138,4,1,3,5,2,4
138,7,1,1,4,5,4
138,9,5,5,3,5,7
138,3,5,3,8,5,4
138,8,1,2,7,2,6
139,2,3,6,9,3,6
139,8,5,7,7,4,3
139,4,4,6,3,3,2
139,10,4,5,10,5,5
139,3,3,5,6,5,6
139,9,4,4,2,3,7
139,5,4,7,1,2,1
139,6,5,4,8,4,7
139,1,3,5,4,4,4
139,7,5,5,5,5,2
139,2,3,2,9,3,1
139,4,4,4,3,3,5
139,3,3,6,6,5,4
139,5,4,3,1,2,5
139,1,3,6,4,4,7
139,8,5,2,7,4,5
139,10,4,0,10,5,4
139,9,4,3,2,3,5
139,6,5,6,8,4,3
139,7,5,5,5,5,2
140,2,3,6,4,4,7
140,8,4,7,7,5,4
140,4,4,6,1,5,1
140,10,4,7,8,5,7
140,1,3,5,3,5,2
140,7,4,2,10,4,4
140,5,3,4,9,5,7
140,9,4,5,6,5,6
140,3,4,2,2,5,2
140,6,4,4,5,5,4
140,2,3,2,4,4,5
140,4,4,2,1,5,7
140,1,3,3,3,5,1
140,5,3,6,9,5,2
140,3,4,3,2,5,7
140,8,4,2,7,5,4
140,10,4,1,8,5,6
140,7,4,1,10,4,5
140,9,4,3,6,5,7
140,6,4,4,5,5,4
141,2,2,6,6,3,5
141,8,1,5,3,4,4
141,6,1,2,2,4,1
141,3,3,1,4,4,5
141,1,2,5,1,3,4
141,7,1,2,7,4,5
141,5,3,4,10,3,6
141,9,1,0,8,5,5
141,10,1,6,9,3,2
141,4,4,2,5,4,7
141,2,2,4,6,3,6
141,6,1,4,2,4,7
141,1,2,3,1,3,6
141,5,3,4,10,3,4
141,10,1,2,9,3,1
141,8,1,3,3,4,4
141,3,3,7,4,4,7
141,7,1,1,7,4,4
141,9,1,6,8,5,3
141,4,4,2,5,4,7
142,2,3,6,6,5,4
142,8,3,1,8,5,1
142,5,4,4,1,4,4
142,9,1,5,7,4,3
142,3,4,2,3,5,2
142,6,2,1,10,4,4
142,4,5,6,9,3,4
142,10,1,7,4,5,1
142,1,3,5,2,5,2
142,7,3,5,5,5,7
142,2,3,3,6,5,4
142,5,4,6,1,4,7
142,3,4,4,3,5,1
142,4,5,2,9,3,2
142,1,3,6,2,5,5
142,8,3,2,8,5,4
142,9,1,3,7,4,5
142,6,2,3,10,4,4
142,10,1,1,4,5,4
142,7,3,5,5,5,7
143,4,4,6,10,5,5
143,10,3,5,7,5,3
143,3,3,2,3,3,1
143,6,4,6,9,3,4
143,7,4,5,4,4,6
143,1,3,7,6,5,4
143,9,4,4,1,3,6
143,5,4,1,5,5,2
143,8,4,6,2,4,5
143,2,3,2,8,5,6
143,4,4,4,10,5,2
143,3,3,7,3,3,4
143,7,4,1,4,4,5
143,9,4,2,1,3,7
143,8,4,2,2,4,7
143,10,3,3,7,5,6
143,6,4,4,9,3,7
143,1,3,3,6,5,7
143,5,4,3,5,5,3
143,2,3,2,8,5,6
144,2,5,5,9,5,6
144,7,5,1,7,5,7
144,10,5,6,5,5,1
144,4,5,5,10,5,4
144,5,5,4,4,5,1
144,9,5,3,2,5,6
144,6,5,2,6,5,5
144,3,5,1,3,5,7
144,1,5,6,1,5,1
144,8,5,6,8,5,5
144,2,5,7,9,5,2
144,10,5,4,5,5,4
144,5,5,7,4,5,6
144,6,5,4,6,5,4
144,1,5,5,1,5,4
144,7,5,3,7,5,5
144,4,5,6,10,5,4
144,9,5,5,2,5,4
144,3,5,3,3,5,7
144,8,5,6,8,5,5
145,2,3,2,7,4,4
145,4,4,6,1,3,7
145,9,3,4,9,4,1
145,5,3,4,3,4,7
145,10,3,5,8,4,4
145,3,4,7,6,3,6
145,7,4,6,2,5,2
145,6,3,4,5,4,4
145,1,3,6,4,4,4
145,8,4,6,10,5,5
145,2,3,7,7,4,6
145,9,3,0,9,4,5
145,10,3,1,8,4,5
145,7,4,5,2,5,1
145,1,3,2,4,4,5
145,4,4,5,1,3,7
145,5,3,6,3,4,5
145,3,4,2,6,3,7
145,6,3,5,5,4,1
145,8,4,6,10,5,5
146,7,2,2,10,3,6
146,5,2,6,8,3,5
146,3,2,5,2,3,7
146,9,2,0,7,3,7
146,10,2,6,4,3,4
146,4,2,2,9,3,7
146,2,2,4,1,3,4
146,6,2,4,6,3,5
146,1,2,6,3,3,4
146,8,2,4,5,3,1
146,7,2,7,10,3,4
146,3,2,5,2,3,1
146,10,2,7,4,3,5
146,2,2,0,1,3,7
146,1,2,3,3,3,7
146,5,2,4,8,3,4
146,9,2,6,7,3,6
146,4,2,1,9,3,7
146,6,2,5,6,3,7
146,8,2,4,5,3,1
147,1,4,6,9,4,6
147,8,5,1,7,4,3
147,5,5,4,3,4,5
147,9,5,5,6,5,5
147,3,5,2,10,5,1
147,6,4,4,5,4,6
147,2,4,5,1,5,1
147,7,5,3,8,3,5
147,4,5,6,2,4,1
147,10,4,7,4,5,4
147,1,4,3,9,4,1
147,5,5,6,3,4,2
147,3,5,0,10,5,6
147,2,4,2,1,5,7
147,4,5,7,2,4,7
147,8,5,2,7,4,2
147,9,5,3,6,5,7
147,6,4,6,5,4,3
147,7,5,1,8,3,7
147,10,4,7,4,5,4
148,6,1,3,5,3,4
148,9,5,7,3,5,5
148,1,3,6,6,1,7
148,8,3,6,9,2,6
148,2,3,5,7,2,7
148,7,3,1,4,5,7
148,10,4,5,8,5,1
148,3,5,6,1,3,6
148,5,2,5,10,4,4
148,4,4,1,2,4,2
148,6,1,4,5,3,7
148,1,3,0,6,1,2
148,2,3,7,7,2,4
148,10,4,4,8,5,6
148,5,2,4,10,4,2
148,9,5,2,3,5,1
148,8,3,4,9,2,4
148,7,3,7,4,5,5
148,3,5,4,1,3,7
148,4,4,1,2,4,2
149,1,3,5,2,1,2
149,7,5,1,5,5,7
149,10,5,6,6,5,4
149,4,3,4,8,1,1
149,3,3,2,1,1,6
149,6,5,7,10,1,4
149,5,3,4,9,1,1
149,9,5,2,3,1,4
149,8,5,6,4,1,7
149,2,3,0,7,4,7
149,1,3,7,2,1,6
149,10,5,5,6,5,4
149,3,3,6,1,1,7
149,5,3,1,9,1,4
149,8,5,4,4,1,4
149,7,5,3,5,5,3
149,4,3,1,8,1,6
149,6,5,3,10,1,2
149,9,5,7,3,1,3
149,2,3,0,7,4,7
150,8,5,6,1,4,4
150,2,1,7,7,4,2
150,9,3,4,6,5,4
150,5,2,6,8,2,7
150,3,1,2,4,4,4
150,6,5,6,5,4,4
150,7,5,5,3,4,2
150,1,1,2,10,4,4
150,4,2,6,2,4,2
150,10,3,2,9,3,7
150,8,5,2,1,4,4
150,9,3,5,6,5,6
150,3,1,7,4,4,4
150,7,5,3,3,4,4
150,4,2,2,2,4,7
150,2,1,3,7,4,4
150,5,2,7,8,2,3
150,6,5,4,5,4,1
150,1,1,7,10,4,4
150,10,3,2,9,3,7
151,1,5,4,1,4,4
151,6,4,6,7,3,6
151,7,4,5,9,4,4
151,2,5,2,4,4,1
151,4,5,6,2,3,2
151,10,4,4,5,3,7
151,5,5,1,6,4,4
151,8,4,2,8,4,7
151,9,3,5,3,3,2
151,3,4,1,10,3,6
151,1,5,5,1,4,7
151,7,4,3,9,4,2
151,4,5,5,2,3,6
151,5,5,4,6,4,5
151,9,3,3,3,3,3
151,6,4,4,7,3,7
151,2,5,7,4,4,4
151,10,4,2,5,3,3
151,8,4,3,8,4,6
151,3,4,1,10,3,6
152,4,3,6,2,3,2
152,10,2,7,5,3,6
152,2,2,4,1,1,1
152,6,2,7,8,3,6
152,5,2,4,10,3,5
152,9,3,5,7,3,6
152,3,3,3,9,2,4
152,8,3,6,4,4,4
152,1,2,5,3,4,5
152,7,3,3,6,3,6
152,4,3,2,2,3,7
152,2,2,3,1,1,6
152,5,2,6,10,3,4
152,3,3,1,9,2,1
152,1,2,7,3,4,4
152,10,2,3,5,3,3
152,6,2,3,8,3,4
152,9,3,2,7,3,7
152,8,3,4,4,4,6
152,7,3,3,6,3,6
153,4,1,6,2,4,5
153,9,1,0,8,1,3
153,10,1,1,5,4,6
153,7,1,6,1,1,6
153,6,1,4,10,3,5
153,1,1,6,7,3,7
153,8,1,1,4,5,4
153,5,1,6,9,1,7
153,3,1,0,6,3,5
153,2,1,2,3,4,4
153,4,1,6,2,4,2
153,10,1,3,5,4,1
153,6,1,5,10,3,4
153,8,1,3,4,5,6
153,3,1,5,6,3,4
153,9,1,1,8,1,1
153,7,1,5,1,1,4
153,1,1,3,7,3,6
153,5,1,3,9,1,1
153,2,1,2,3,4,4
154,6,4,2,2,2,7
154,3,3,5,7,1,2
154,9,3,7,6,2,4
154,2,4,5,8,1,3
154,7,3,5,5,1,6
154,1,4,7,1,3,7
154,10,4,2,3,1,1
154,8,3,7,9,2,4
154,4,3,5,10,1,4
154,5,4,7,4,1,1
154,6,4,3,2,2,6
154,9,3,1,6,2,7
154,7,3,1,5,1,4
154,10,4,6,3,1,2
154,4,3,4,10,1,5
154,3,3,0,7,1,4
154,2,4,0,8,1,1
154,1,4,6,1,3,7
154,8,3,1,9,2,4
154,5,4,7,4,1,1
155,8,4,6,6,5,6
155,1,3,3,4,3,4
155,5,4,4,9,3,5
155,9,3,1,8,2,4
155,7,4,5,7,4,3
155,2,3,2,3,2,7
155,4,4,6,1,3,6
155,10,3,3,10,3,1
155,6,4,2,5,5,2
155,3,3,3,2,2,6
155,8,4,1,6,5,7
155,5,4,2,9,3,6
155,7,4,3,7,4,4
155,4,4,1,1,3,6
155,6,4,4,5,5,4
155,1,3,7,4,3,7
155,9,3,7,8,2,7
155,2,3,7,3,2,2
155,10,3,5,10,3,4
155,3,3,3,2,2,6
156,2,4,5,4,5,7
156,7,5,2,7,5,2
156,5,4,4,6,4,5
156,9,5,7,3,5,4
156,1,4,4,2,5,4
156,6,4,1,10,5,6
156,4,5,7,1,4,1
156,8,5,3,8,5,5
156,3,5,5,9,4,2
156,10,4,7,5,5,4
156,2,4,3,4,5,6
156,5,4,3,6,4,6
156,1,4,2,2,5,7
156,4,5,4,1,4,7
156,3,5,7,9,4,6
156,7,5,1,7,5,3
156,9,5,3,3,5,2
156,6,4,5,10,5,6
156,8,5,2,8,5,3
156,10,4,7,5,5,4
157,7,4,5,10,4,2
157,1,3,4,3,3,3
157,6,3,2,7,4,6
157,3,4,3,9,3,7
157,8,4,6,6,4,6
157,2,3,7,2,3,5
157,10,3,6,8,4,7
157,4,4,6,4,3,4
157,9,4,4,5,4,6
157,5,4,2,1,3,6
157,7,4,6,10,4,5
157,6,3,5,7,4,2
157,8,4,2,6,4,4
157,10,3,0,8,4,3
157,9,4,7,5,4,4
157,1,3,1,3,3,1
157,3,4,0,9,3,2
157,2,3,2,2,3,1
157,4,4,5,4,3,5
157,5,4,2,1,3,6
158,9,5,7,2,5,2
158,2,3,4,9,5,7
158,6,5,1,6,3,4
158,4,3,7,8,5,6
158,8,5,1,10,3,5
158,5,3,4,7,3,7
158,10,5,5,4,5,5
158,3,3,7,1,5,6
158,7,5,5,5,3,4
158,1,3,7,3,5,4
158,9,5,3,2,5,6
158,6,5,5,6,3,5
158,8,5,2,10,3,4
158,10,5,1,4,5,4
158,7,5,5,5,3,2
158,2,3,2,9,5,5
158,4,3,5,8,5,4
158,5,3,6,7,3,4
158,3,3,1,1,5,7
158,1,3,7,3,5,4
159,6,3,2,9,2,6
159,3,4,1,7,3,4
159,1,3,7,1,2,1
159,9,5,0,8,5,6
159,10,3,6,10,3,4
159,4,4,2,4,4,6
159,2,3,5,6,2,5
159,7,5,2,3,5,4
159,5,3,1,2,3,2
159,8,5,5,5,3,2
159,6,3,4,9,2,7
159,1,3,7,1,2,6
159,10,3,7,10,3,5
159,2,3,3,6,2,6
159,5,3,6,2,3,7
159,3,4,5,7,3,4
159,9,5,6,8,5,7
159,4,4,3,4,4,4
159,7,5,4,3,5,4
159,8,5,5,5,3,2
160,3,5,7,1,4,4
160,7,5,5,7,5,7
160,2,5,6,2,4,2
160,8,5,2,5,5,1
160,10,5,4,10,4,6
160,5,5,3,8,4,4
160,1,5,2,6,5,5
160,4,5,6,3,4,1
160,9,5,3,9,4,4
160,6,5,2,4,4,5
160,3,5,0,1,4,7
160,2,5,7,2,4,4
160,10,5,7,10,4,5
160,1,5,7,6,5,7
160,9,5,1,9,4,6
160,7,5,4,7,5,7
160,8,5,1,5,5,3
160,5,5,5,8,4,7
160,4,5,1,3,4,4
160,6,5,2,4,4,5
161,3,4,5,9,4,6
161,10,4,6,7,4,5
161,4,4,1,10,2,6
161,6,4,6,8,4,5
161,7,4,2,2,3,1
161,5,4,4,4,2,6
161,9,4,7,6,2,5
161,1,4,6,3,3,7
161,8,4,6,1,4,6
161,2,4,0,5,2,2
161,3,4,4,9,4,4
161,4,4,3,10,2,4
161,7,4,1,2,3,6
161,9,4,2,6,2,4
161,8,4,2,1,4,4
161,10,4,3,7,4,4
161,6,4,7,8,4,7
161,5,4,3,4,2,4
161,1,4,0,3,3,4
161,2,4,0,5,2,2
162,1,4,4,4,4,4
162,6,4,5,9,4,2
162,8,4,6,5,4,3
162,2,4,2,8,4,5
162,4,4,3,2,4,7
162,7,4,1,7,4,2
162,9,4,5,6,4,5
162,3,4,6,10,4,6
162,5,4,4,1,4,7
162,10,4,7,3,4,4
162,1,4,6,4,4,4
162,8,4,7,5,4,2
162,4,4,6,2,4,6
162,9,4,4,6,4,4
162,5,4,7,1,4,7
162,6,4,4,9,4,5
162,2,4,5,8,4,4
162,7,4,7,7,4,5
162,3,4,5,10,4,2
162,10,4,7,3,4,4
163,2,4,5,2,1,7
163,7,3,3,7,1,7
163,4,3,7,4,1,4
163,8,3,6,9,2,7
163,1,4,4,1,1,4
163,6,4,7,6,2,5
163,5,4,4,3,1,4
163,9,3,5,5,1,1
163,3,3,5,10,2,6
163,10,4,7,8,1,5
163,2,4,2,2,1,1
163,4,3,2,4,1,5
163,1,4,3,1,1,7
163,5,4,6,3,1,2
163,3,3,7,10,2,5
163,7,3,4,7,1,6
163,8,3,5,9,2,7
163,6,4,3,6,2,7
163,9,3,0,5,1,3
163,10,4,7,8,1,5
164,2,4,6,9,4,1
164,8,5,4,3,4,3
164,7,5,1,7,4,5
164,9,3,5,10,4,6
164,3,5,4,1,4,5
164,4,5,1,4,4,6
164,6,4,4,6,4,4
164,1,4,3,8,3,5
164,5,4,4,2,5,2
164,10,3,7,5,5,2
164,2,4,5,9,4,6
164,7,5,7,7,4,4
164,3,5,2,1,4,4
164,6,4,7,6,4,6
164,5,4,1,2,5,4
164,8,5,2,3,4,2
164,9,3,6,10,4,4
164,4,5,2,4,4,7
164,1,4,7,8,3,3
164,10,3,7,5,5,2
165,7,5,1,4,5,4
165,9,2,6,9,1,1
165,4,3,4,3,5,5
165,3,2,6,6,1,6
165,5,3,3,2,4,5
165,1,1,6,8,5,6
165,8,5,2,10,3,1
165,10,1,3,5,2,7
165,6,4,4,7,3,4
165,2,1,5,1,1,5
165,7,5,3,4,5,4
165,4,3,5,3,5,4
165,5,3,1,2,4,4
165,8,5,5,10,3,5
165,6,4,3,7,3,6
165,9,2,5,9,1,7
165,3,2,1,6,1,4
165,1,1,7,8,5,3
165,10,1,7,5,2,6
165,2,1,5,1,1,5
166,3,5,2,9,5,6
166,6,5,1,7,3,3
166,4,5,6,3,3,2
166,10,5,7,10,3,4
166,1,5,6,2,4,2
166,8,5,1,5,3,6
166,5,5,4,1,5,5
166,9,5,7,4,3,7
166,2,5,5,8,4,4
166,7,5,7,6,3,7
166,3,5,4,9,5,1
166,4,5,2,3,3,4
166,1,5,3,2,4,7
166,5,5,3,1,5,1
166,2,5,4,8,4,4
166,6,5,3,7,3,5
166,10,5,2,10,3,1
166,8,5,2,5,3,4
166,9,5,1,4,3,6
166,7,5,7,6,3,7
167,1,2,6,6,2,4
167,8,4,3,8,5,1
167,3,4,6,1,2,7
167,5,3,4,3,3,4
167,10,2,1,5,4,1
167,7,4,3,10,3,4
167,4,4,6,9,3,4
167,9,4,7,4,5,1
167,2,2,4,2,3,7
167,6,2,4,7,4,2
167,1,2,1,6,2,4
167,3,4,5,1,2,6
167,10,2,6,5,4,2
167,4,4,2,9,3,2
167,2,2,6,2,3,5
167,8,4,1,8,5,7
167,5,3,2,3,3,2
167,7,4,1,10,3,4
167,9,4,3,4,5,7
167,6,2,4,7,4,2
